id,title,score,num_comments,author,created_utc,url,over_18,edited,spoiler,stickied
1iib0r8,"IT hiring and salary trends in Europe (18'000 jobs, 68'000 surveys)",82,24,One-Durian2205,2025-02-05 14:21:37,https://www.reddit.com/r/dataengineering/comments/1iib0r8/it_hiring_and_salary_trends_in_europe_18000_jobs/,False,False,False,False
1ii6z6y,Apache Airflow best practices - AMA,71,27,finally_i_found_one,2025-02-05 10:19:12,https://www.reddit.com/r/dataengineering/comments/1ii6z6y/apache_airflow_best_practices_ama/,False,False,False,False
1ii5nc2,Land a DE position on one of the top bank in Malaysia after sharing with this community (see link to previous post),38,8,Vegetable-Curve-395,2025-02-05 08:36:06,https://www.reddit.com/r/dataengineering/s/YBJTJFg73N,False,False,False,False
1iiivxp,Data Lakes For Complete Noobs: What They Are and Why The Hell You Need Them,42,3,ivanovyordan,2025-02-05 19:45:43,https://datagibberish.com/p/what-are-data-lakes-and-why-you-need-them,False,False,False,False
1iigqxk,What Data Warehouse & ETL Stack Would You Use for a 600-Employee Company?,34,57,ResolveHistorical498,2025-02-05 18:19:28,https://www.reddit.com/r/dataengineering/comments/1iigqxk/what_data_warehouse_etl_stack_would_you_use_for_a/,False,False,False,False
1ii571c,"In Spark, is row_number() an expensive operation? (given the distributed nature of compute)",30,10,loudandclear11,2025-02-05 08:01:49,https://www.reddit.com/r/dataengineering/comments/1ii571c/in_spark_is_row_number_an_expensive_operation/,False,False,False,False
1iie373,"When your company shifted away from AWS Glue, which ETL tools did you shift to?",20,35,palomino-ridin-21,2025-02-05 16:31:34,https://www.reddit.com/r/dataengineering/comments/1iie373/when_your_company_shifted_away_from_aws_glue/,False,False,False,False
1ii8bze,Incrementally replicate hundreds of tables from MySQL and SQL Server into Snwoflake.,19,13,Own_Hippo6607,2025-02-05 11:57:10,https://www.reddit.com/r/dataengineering/comments/1ii8bze/incrementally_replicate_hundreds_of_tables_from/,False,False,False,False
1iidu03,How to Gain Hands-on Experience in DE Without High Cloud Costs?,21,23,pivot1729,2025-02-05 16:21:14,https://www.reddit.com/r/dataengineering/comments/1iidu03/how_to_gain_handson_experience_in_de_without_high/,False,False,False,False
1ii7c9z,How do you deal with heavy workload?,20,25,Electrical-Leopard55,2025-02-05 10:47:13,https://www.reddit.com/r/dataengineering/comments/1ii7c9z/how_do_you_deal_with_heavy_workload/,False,False,False,False
1ii4ry5,Fivetran Pricing,11,18,vpbajaj,2025-02-05 07:30:42,https://www.reddit.com/r/dataengineering/comments/1ii4ry5/fivetran_pricing/,False,False,False,False
1ii0ke3,Data Engineering? Odd offer,12,13,anon7801,2025-02-05 03:14:25,https://www.reddit.com/r/dataengineering/comments/1ii0ke3/data_engineering_odd_offer/,False,False,False,False
1ii6qtf,I built a managed SaaS product for real-time data visualization and monitoring,10,0,chirpier,2025-02-05 10:01:48,https://www.reddit.com/r/dataengineering/comments/1ii6qtf/i_built_a_managed_saas_product_for_realtime_data/,False,False,False,False
1iij2jt,Strategies to reduce re-sync times from database to data warehouse?,8,3,Dear_Jump_7460,2025-02-05 19:53:00,https://www.reddit.com/r/dataengineering/comments/1iij2jt/strategies_to_reduce_resync_times_from_database/,False,False,False,False
1ii3h6b,Data engineering as a beginner?,6,6,Ambitious_Party_3119,2025-02-05 06:01:16,https://www.reddit.com/r/dataengineering/comments/1ii3h6b/data_engineering_as_a_beginner/,False,False,False,False
1iiljoo,ADF: Deleted the source data accidentally,6,6,Amar_K1,2025-02-05 21:33:59,https://www.reddit.com/r/dataengineering/comments/1iiljoo/adf_deleted_the_source_data_accidentally/,False,False,False,False
1iieldb,I built an open-source library to generate ML models using natural language,2,0,Imaginary-Spaces,2025-02-05 16:52:28,https://www.reddit.com/r/dataengineering/comments/1iieldb/i_built_an_opensource_library_to_generate_ml/,False,False,False,False
1iidaqk,"I built RepoTEN, a user-friendly simple data management platform for data analysts",5,4,bcdata,2025-02-05 15:59:55,https://www.reddit.com/r/dataengineering/comments/1iidaqk/i_built_repoten_a_userfriendly_simple_data/,False,False,False,False
1iiclzt,Blogs on data engineering,4,0,maverick_avk,2025-02-05 15:30:44,https://medium.com/@kohaleavin,False,False,False,False
1iiclek,We built a free Databricks System Tables Queries and Dashboard to help users manage and optimize Databricks costs - feedback welcome!,6,1,sync_jeff,2025-02-05 15:30:05,https://www.reddit.com/r/dataengineering/comments/1iiclek/we_built_a_free_databricks_system_tables_queries/,False,False,False,False
1iibzlp,Fivetran: from AWS Postgres to GCP Snowflake - Slow!,4,7,CrabEnvironmental864,2025-02-05 15:04:01,https://www.reddit.com/r/dataengineering/comments/1iibzlp/fivetran_from_aws_postgres_to_gcp_snowflake_slow/,False,False,False,False
1ii8byy,Incrementally replicate hundreds of tables from MySQL and SQL Server into Snwoflake.,5,1,Own_Hippo6607,2025-02-05 11:57:09,https://www.reddit.com/r/dataengineering/comments/1ii8byy/incrementally_replicate_hundreds_of_tables_from/,False,False,False,False
1ihwwmr,How to insert a record in BigQuery and bypass the streaming buffer,5,7,poofycade,2025-02-05 00:16:50,https://www.reddit.com/r/dataengineering/comments/1ihwwmr/how_to_insert_a_record_in_bigquery_and_bypass_the/,False,False,False,False
1iid2jd,Snowflake Dynamic Tables for Data Transformation - A plain English guide,3,0,JohnAnthonyRyan,2025-02-05 15:50:26,https://www.youtube.com/watch?v=tpCh44vDSds,False,False,False,False
1ii3dyf,Struggling with leaderships direction. AIO?,3,5,Operation_Smoothie,2025-02-05 05:55:36,https://www.reddit.com/r/dataengineering/comments/1ii3dyf/struggling_with_leaderships_direction_aio/,False,False,False,False
1ii1w2y,An intro to Hudi with MinIO - II,3,0,Travelxplore,2025-02-05 04:25:48,https://www.reddit.com/r/dataengineering/comments/1ii1w2y/an_intro_to_hudi_with_minio_ii/,False,False,False,False
1iiataz,Resources to learn differences between different types of databases and their use cases,2,3,Cyber-Dude1,2025-02-05 14:12:17,https://www.reddit.com/r/dataengineering/comments/1iiataz/resources_to_learn_differences_between_different/,False,False,False,False
1ii5zj1,Crawl4AI vs ScrapeGraphAI vs ?,2,0,Xavio_M,2025-02-05 09:02:23,https://www.reddit.com/r/dataengineering/comments/1ii5zj1/crawl4ai_vs_scrapegraphai_vs/,False,False,False,False
1ii4ght,Keywords should not be used as identifier .. or should they,2,9,StarlightInsights,2025-02-05 07:07:18,https://www.reddit.com/r/dataengineering/comments/1ii4ght/keywords_should_not_be_used_as_identifier_or/,False,False,False,False
1iiie59,Own website to advertise as freelancer,1,3,miskulia,2025-02-05 19:25:20,https://www.reddit.com/r/dataengineering/comments/1iiie59/own_website_to_advertise_as_freelancer/,False,False,False,False
1ii8mnp,Organizing a webinar on Gen AI in Data Engineering - need help,1,0,middleclasswriter,2025-02-05 12:15:42,https://www.reddit.com/r/dataengineering/comments/1ii8mnp/organizing_a_webinar_on_gen_ai_in_data/,False,False,False,False
1ii75x7,Struggling to bulk upload into ClickHouse,1,3,seriousbear,2025-02-05 10:33:36,https://www.reddit.com/r/dataengineering/comments/1ii75x7/struggling_to_bulk_upload_into_clickhouse/,False,False,False,False
1ii52l1,I am new to XML and how we map objects to XML paths - where do I start?,1,2,thinkingtitan,2025-02-05 07:52:51,https://www.reddit.com/r/dataengineering/comments/1ii52l1/i_am_new_to_xml_and_how_we_map_objects_to_xml/,False,False,False,False
1ii4w7k,Does Starting in Data Engineering Help Build Strong Software Engineering Skills?,1,2,MazenMohamed1393,2025-02-05 07:39:43,https://www.reddit.com/r/dataengineering/comments/1ii4w7k/does_starting_in_data_engineering_help_build/,False,False,False,False
1ii4ccx,POC Oracle Datawarehouse,1,0,sealolscrub,2025-02-05 06:59:25,https://www.reddit.com/r/dataengineering/comments/1ii4ccx/poc_oracle_datawarehouse/,False,False,False,False
1ii0yny,DS Looking into DE,1,1,Normal-Negotiation38,2025-02-05 03:35:07,https://www.reddit.com/r/dataengineering/comments/1ii0yny/ds_looking_into_de/,False,False,False,False
1ii3emg,Best Path to AWS Data Engineering Certification?,0,2,Revu_R,2025-02-05 05:56:52,https://www.reddit.com/r/dataengineering/comments/1ii3emg/best_path_to_aws_data_engineering_certification/,False,False,False,False
1ii4wf8,Got a email from a Recruiter saying i donâ€™t have enough experience!,0,5,NefariousnessSea5101,2025-02-05 07:40:04,https://www.reddit.com/r/dataengineering/comments/1ii4wf8/got_a_email_from_a_recruiter_saying_i_dont_have/,False,False,False,False
1ii4cvm,ğƒğšğ­ğš ğ„ğ§ğ ğ¢ğ§ğğğ«ğ¢ğ§ğ  ğğ¨ğ¨ğ­ğœğšğ¦ğ©: ğ’ğğ«ğ¢ğğ¬ ğŸ,0,3,andalibansari,2025-02-05 07:00:24,https://www.reddit.com/r/dataengineering/comments/1ii4cvm/ğƒğšğ­ğš_ğ„ğ§ğ ğ¢ğ§ğğğ«ğ¢ğ§ğ _ğğ¨ğ¨ğ­ğœğšğ¦ğ©_ğ’ğğ«ğ¢ğğ¬_ğŸ/,False,False,False,False
